order_book_id,date,prev_close,close,volume,open,low,total_turnover,high
000300.XSHG,2025-01-02,3934.9109,3820.3952,21789872400.0,3931.8155,3796.3389,388636586639.3,3934.2034
000300.XSHG,2025-01-03,3820.3952,3775.1648,17534267600.0,3825.2426,3767.6653,304322755435.9,3835.9353
000300.XSHG,2025-01-06,3775.1648,3768.9697,15094667000.0,3775.9902,3743.0727,262803541116.2,3788.8489
000300.XSHG,2025-01-07,3768.9697,3796.1055,14645577900.0,3760.866,3749.0581,266855795347.4,3797.602
000300.XSHG,2025-01-08,3796.1055,3789.2153,16916696800.0,3781.261,3731.1887,300965725432.7,3810.7355
000300.XSHG,2025-01-09,3789.2153,3779.8773,12979400200.0,3780.7341,3768.681,251486002819.8,3795.2608
000300.XSHG,2025-01-10,3779.8773,3732.4806,13752317100.0,3778.8928,3732.4806,275354209064.3,3786.8069
000300.XSHG,2025-01-13,3732.4806,3722.513,13644619900.0,3704.4442,3704.1073,247861953196.7,3737.8852
000300.XSHG,2025-01-14,3722.513,3820.5395,17066465700.0,3728.5561,3718.8768,345461480063.6,3826.6399
000300.XSHG,2025-01-15,3820.5395,3796.026,14147552000.0,3810.0353,3790.1655,278850595531.7,3816.8284
000300.XSHG,2025-01-16,3796.026,3800.3836,14450587100.0,3812.1935,3776.2861,305734630771.3,3842.947
000300.XSHG,2025-01-17,3800.3836,3812.3429,12662196100.0,3788.3729,3780.2133,265437489593.6,3831.6404
000300.XSHG,2025-01-20,3812.3429,3829.6764,13958127700.0,3835.3042,3821.9815,292175449108.6,3858.6677
000300.XSHG,2025-01-21,3829.6764,3832.6145,14121840600.0,3850.3563,3817.1214,285073351693.4,3850.9106
000300.XSHG,2025-01-22,3832.6145,3797.0166,13725506200.0,3823.9447,3783.1438,298745637551.4,3823.9447
000300.XSHG,2025-01-23,3797.0166,3803.7439,18056955100.0,3829.0462,3801.8531,345198071113.9,3864.2585
000300.XSHG,2025-01-24,3803.7439,3832.8637,14897172200.0,3793.8498,3793.4836,296474375469.1,3847.6003
000300.XSHG,2025-01-27,3832.8637,3817.0802,14667077200.0,3836.9578,3817.0802,282940127540.6,3851.9969
000300.XSHG,2025-02-05,3817.0802,3795.0848,15716830800.0,3844.6998,3785.162,346016202025.2,3844.6998
000300.XSHG,2025-02-06,3795.0848,3842.8314,16728817600.0,3789.6086,3788.3196,371891971101.4,3843.4942
000300.XSHG,2025-02-07,3842.8314,3892.7028,22185770700.0,3844.0574,3833.8685,487381557078.2,3919.3499
000300.XSHG,2025-02-10,3892.7028,3901.0618,18890304000.0,3898.1023,3878.8314,384968342874.3,3906.3678
000300.XSHG,2025-02-11,3901.0618,3883.1352,16657490900.0,3905.1594,3872.9087,337866056115.9,3905.1594
000300.XSHG,2025-02-12,3883.1352,3919.8617,16422854000.0,3875.9596,3867.3538,354830596297.9,3920.7229
000300.XSHG,2025-02-13,3919.8617,3905.1398,17248587400.0,3913.9044,3904.9845,376473453306.6,3939.1978
000300.XSHG,2025-02-14,3905.1398,3939.0085,17297645200.0,3900.8274,3900.8274,360974236854.4,3942.0356
000300.XSHG,2025-02-17,3939.0085,3947.3983,21358824600.0,3954.4147,3921.7017,430929575563.2,3955.8959
000300.XSHG,2025-02-18,3947.3983,3912.7829,20942510100.0,3942.5761,3901.8675,400186229940.7,3965.4232
000300.XSHG,2025-02-19,3912.7829,3940.1602,18282951700.0,3906.2201,3904.1455,363680372562.7,3943.6742
000300.XSHG,2025-02-20,3940.1602,3928.8959,16389523600.0,3934.6503,3916.1772,325972429362.6,3940.678
000300.XSHG,2025-02-21,3928.8959,3978.444,22740033000.0,3938.0518,3927.7874,504645493577.1,3981.048
000300.XSHG,2025-02-24,3978.444,3969.7169,22081061800.0,3972.4831,3949.2309,455088749684.5,3995.9456
000300.XSHG,2025-02-25,3969.7169,3925.6505,17810858000.0,3933.636,3915.6527,377981451250.4,3955.4336
000300.XSHG,2025-02-26,3925.6505,3959.9413,19106250100.0,3931.842,3925.3664,386458193762.6,3960.3298
000300.XSHG,2025-02-27,3959.9413,3968.1159,20288796300.0,3961.0635,3933.4611,428272792667.6,3973.9323
000300.XSHG,2025-02-28,3968.1159,3890.0487,19810414700.0,3950.1866,3886.3994,420308043450.1,3972.4813
000300.XSHG,2025-03-03,3890.0487,3888.4738,17762316600.0,3899.6962,3872.5872,356057735014.0,3930.0048
000300.XSHG,2025-03-04,3888.4738,3885.2208,14985096700.0,3865.9939,3855.7254,297739246802.3,3890.4235
000300.XSHG,2025-03-05,3885.2208,3902.5706,15865275100.0,3887.7992,3877.0188,290860484504.9,3906.4214
000300.XSHG,2025-03-06,3902.5706,3956.2369,19396091500.0,3923.3827,3917.0833,397419427642.7,3964.4942
000300.XSHG,2025-03-07,3956.2369,3944.0143,16673237500.0,3944.9145,3935.0464,340626700285.5,3967.0743
000300.XSHG,2025-03-10,3944.0143,3928.8018,15276523200.0,3945.5795,3905.127,292574987480.9,3949.1448
000300.XSHG,2025-03-11,3928.8018,3941.4157,14475440200.0,3890.4305,3889.4298,287480453119.8,3941.4157
000300.XSHG,2025-03-12,3941.4157,3927.2315,15673219000.0,3946.8623,3921.4736,309627267364.8,3953.6125
000300.XSHG,2025-03-13,3927.2315,3911.5793,15653644300.0,3925.7439,3897.3758,295173112579.6,3939.2854
000300.XSHG,2025-03-14,3911.5793,4006.5567,21613900300.0,3919.6159,3919.6159,450895278803.0,4014.1586
000300.XSHG,2025-03-17,4006.5567,3996.7876,16220291100.0,4020.6402,3992.2563,318904417418.3,4021.7278
000300.XSHG,2025-03-18,3996.7876,4007.7229,14020849600.0,4011.7794,3995.9602,292739319544.6,4016.873
000300.XSHG,2025-03-19,4007.7229,4010.168,14441942800.0,4004.8251,3989.512,286075300795.3,4025.299
000300.XSHG,2025-03-20,4010.168,3974.9918,13375467000.0,4011.0588,3969.9259,260020676825.8,4012.0416
000300.XSHG,2025-03-21,3974.9918,3914.6956,16590529400.0,3966.5146,3904.7674,309348613935.4,3983.1476
000300.XSHG,2025-03-24,3914.6956,3934.8486,15223467400.0,3916.1136,3907.1999,266051442612.7,3938.1826
000300.XSHG,2025-03-25,3934.8486,3932.2951,14047539900.0,3937.8975,3921.5287,239246310985.8,3946.3574
000300.XSHG,2025-03-26,3932.2951,3919.3566,13116418700.0,3930.2073,3916.8607,220943164486.2,3942.026
000300.XSHG,2025-03-27,3919.3566,3932.4117,12679373800.0,3911.3841,3903.652,232173613774.0,3952.9852
000300.XSHG,2025-03-28,3932.4117,3915.1662,12635621400.0,3930.7763,3907.384,213379194289.3,3934.2336
000300.XSHG,2025-03-31,3915.1662,3887.3056,16679852300.0,3905.9815,3872.403,268480316572.3,3928.4482
000300.XSHG,2025-04-01,3887.3056,3887.6841,14038027400.0,3892.7794,3882.4045,246041674670.2,3905.2622
000300.XSHG,2025-04-02,3887.6841,3884.3858,11304317500.0,3884.4181,3877.1599,198267515342.4,3900.4949
000300.XSHG,2025-04-03,3884.3858,3861.5034,14259978900.0,3843.4177,3843.4177,263684681545.1,3883.7025
000300.XSHG,2025-04-07,3861.5034,3589.4406,31257858600.0,3675.2017,3514.1165,512971787744.6,3707.7771
000300.XSHG,2025-04-08,3589.4406,3650.759,28019731200.0,3597.9859,3583.8746,464021087837.5,3650.759
000300.XSHG,2025-04-09,3650.759,3686.7943,26230570800.0,3606.1036,3587.3368,455031069289.8,3686.7943
000300.XSHG,2025-04-10,3686.7943,3735.1151,22725222700.0,3749.1262,3708.8194,403842564855.5,3756.1386
000300.XSHG,2025-04-11,3735.1151,3750.5167,16875969100.0,3730.3148,3708.4617,318535141904.4,3762.3653
000300.XSHG,2025-04-14,3750.5167,3759.1422,16446240300.0,3772.0407,3754.033,292571297039.1,3776.6344
000300.XSHG,2025-04-15,3759.1422,3761.2348,13400604000.0,3756.4788,3737.8495,228604621375.8,3764.486
000300.XSHG,2025-04-16,3761.2348,3772.8204,15635900600.0,3757.8757,3721.6025,261711094768.5,3775.1661
000300.XSHG,2025-04-17,3772.8204,3772.2221,12237100200.0,3755.0862,3749.504,209012323066.2,3779.1253
000300.XSHG,2025-04-18,3772.2221,3772.523,10294850900.0,3760.0425,3754.4072,173109384097.2,3782.0443
000300.XSHG,2025-04-21,3772.523,3784.8806,12135573000.0,3768.1421,3763.1383,208085677382.1,3790.1782
000300.XSHG,2025-04-22,3784.8806,3783.9522,12568825700.0,3780.1122,3778.0791,210200698793.7,3799.2295
000300.XSHG,2025-04-23,3783.9522,3786.8824,13198687000.0,3803.4295,3780.5183,247117386122.1,3807.9536
000300.XSHG,2025-04-24,3786.8824,3784.3574,11716456000.0,3787.459,3775.207,205483051375.0,3807.2599
000300.XSHG,2025-04-25,3784.3574,3786.9937,12459113300.0,3792.0838,3780.7772,220535052619.3,3801.5765
000300.XSHG,2025-04-28,3786.9937,3781.6188,12514509100.0,3786.3867,3772.8029,210635318523.2,3792.0082
000300.XSHG,2025-04-29,3781.6188,3775.0767,11151469400.0,3776.0025,3768.0311,197462744362.5,3785.3157
000300.XSHG,2025-04-30,3775.0767,3770.5705,14368165800.0,3775.8306,3768.7573,244820462217.6,3787.5639
000300.XSHG,2025-05-06,3770.5705,3808.5424,15852045900.0,3794.3757,3782.777,267937090757.4,3809.0939
000300.XSHG,2025-05-07,3808.5424,3831.627,16117229900.0,3861.5767,3814.9868,286010735453.4,3863.6776
000300.XSHG,2025-05-08,3831.627,3852.8963,12495983300.0,3820.5481,3816.2642,246987280587.7,3867.3313
000300.XSHG,2025-05-09,3852.8963,3846.1566,11938952600.0,3848.6187,3836.5349,216697939671.7,3853.6632
000300.XSHG,2025-05-12,3846.1566,3890.6096,15333246000.0,3866.5305,3859.0346,296122947807.8,3890.7342
000300.XSHG,2025-05-13,3890.6096,3896.2583,14732029900.0,3915.5924,3890.6855,267586397719.9,3915.5924
000300.XSHG,2025-05-14,3896.2583,3943.2108,17203377900.0,3894.8386,3890.6504,319465226850.5,3960.5228
000300.XSHG,2025-05-15,3943.2108,3907.1992,13808174900.0,3934.0273,3904.9068,241464943553.6,3936.4653
000300.XSHG,2025-05-16,3907.1992,3889.0854,11840534500.0,3898.6662,3874.8619,208835664039.2,3903.8528
000300.XSHG,2025-05-19,3889.0854,3877.1453,9864341400.0,3882.5677,3866.5695,184888170553.8,3885.5889
000300.XSHG,2025-05-20,3877.1453,3898.1705,10488523400.0,3883.1024,3881.7436,201636702521.8,3911.4737
000300.XSHG,2025-05-21,3898.1705,3916.3807,10979134300.0,3899.4365,3899.4365,217037739435.0,3928.6339
000300.XSHG,2025-05-22,3916.3807,3913.8651,10759705200.0,3912.6007,3903.0898,197511410270.8,3923.0195
000300.XSHG,2025-05-23,3913.8651,3882.2741,12027741900.0,3910.3739,3882.2741,232945378294.8,3931.5514
000300.XSHG,2025-05-26,3882.2741,3860.1067,10960120700.0,3875.7891,3849.0384,208876792148.9,3884.537
000300.XSHG,2025-05-27,3860.1067,3839.3969,9857242500.0,3857.6271,3834.8455,178466763540.9,3865.4291
000300.XSHG,2025-05-28,3839.3969,3836.2366,8903102600.0,3843.0747,3833.9582,162496372727.5,3849.736
000300.XSHG,2025-05-29,3836.2366,3858.6998,10847188600.0,3838.0092,3831.4577,209459602501.2,3869.7909
000300.XSHG,2025-05-30,3858.6998,3840.2323,11167222800.0,3850.493,3829.2542,199389751071.1,3858.6128
000300.XSHG,2025-06-03,3840.2323,3852.0127,13140309000.0,3833.4584,3832.7202,226782772062.7,3863.2952
000300.XSHG,2025-06-04,3852.0127,3868.7429,11680387300.0,3855.4878,3855.4878,211736178154.1,3875.8569
000300.XSHG,2025-06-05,3868.7429,3877.5557,12287818400.0,3872.6373,3861.272,231749275334.6,3883.1345
000300.XSHG,2025-06-06,3877.5557,3873.9841,11098797100.0,3878.1027,3869.3871,202034736310.9,3889.4557
000300.XSHG,2025-06-09,3873.9841,3885.2459,13630629300.0,3877.7977,3871.9917,262023668465.5,3894.6517
000300.XSHG,2025-06-10,3885.2459,3865.4652,14556385900.0,3887.5512,3850.4663,263647551794.8,3897.4573
000300.XSHG,2025-06-11,3865.4652,3894.6252,14241477200.0,3870.6719,3870.6719,257217704405.4,3911.6107
000300.XSHG,2025-06-12,3894.6252,3892.1992,13399869700.0,3885.5196,3870.3838,260239581458.0,3900.0408
000300.XSHG,2025-06-13,3892.1992,3864.1822,17253953600.0,3881.4923,3853.8186,309172346179.9,3889.1602
000300.XSHG,2025-06-16,3864.1822,3873.7951,13734183500.0,3853.6193,3853.6193,246860982863.3,3876.1704
000300.XSHG,2025-06-17,3873.7951,3870.3786,12234252600.0,3875.1768,3860.409,220399818948.5,3880.4156
000300.XSHG,2025-06-18,3870.3786,3874.9708,12752862100.0,3871.6502,3854.6575,230553858263.6,3881.346
000300.XSHG,2025-06-19,3874.9708,3843.0912,13028065800.0,3870.049,3834.9512,234840180805.5,3872.9425
000300.XSHG,2025-06-20,3843.0912,3846.6443,11815102000.0,3839.7833,3839.7833,213522822874.5,3856.4799
000300.XSHG,2025-06-23,3846.6443,3857.9016,13380089200.0,3831.1703,3827.0829,232482215850.4,3867.5896
000300.XSHG,2025-06-24,3857.9016,3904.0342,16365618800.0,3862.3876,3862.3876,294228720612.5,3914.1579
000300.XSHG,2025-06-25,3904.0342,3960.0662,18721367100.0,3907.0682,3902.1771,361727254624.0,3963.0371
000300.XSHG,2025-06-26,3960.0662,3946.0195,16531626300.0,3953.1603,3945.2589,328102847495.6,3964.482
000300.XSHG,2025-06-27,3946.0195,3921.7578,19455791300.0,3949.7879,3918.2041,343468229813.8,3969.2626
000300.XSHG,2025-06-30,3921.7578,3936.0791,14517023600.0,3920.3149,3911.6044,288821434921.4,3940.3611
000300.XSHG,2025-07-01,3936.0791,3942.762,12895936200.0,3935.9078,3924.7219,236070338399.4,3946.2451
000300.XSHG,2025-07-02,3942.762,3943.6849,14706306200.0,3943.3232,3929.6956,246637847453.8,3952.1378
000300.XSHG,2025-07-03,3943.6849,3968.0676,14100400600.0,3949.3998,3945.138,269609569538.7,3971.616
000300.XSHG,2025-07-04,3968.0676,3982.2034,15719713300.0,3967.4637,3958.3762,290512992198.0,4013.8478
000300.XSHG,2025-07-07,3982.2034,3965.1746,13113527300.0,3977.2881,3956.5663,225106992875.9,3979.7481
000300.XSHG,2025-07-08,3965.1746,3998.4527,15640289500.0,3965.426,3965.426,292089834223.8,4002.269
000300.XSHG,2025-07-09,3998.4527,3991.4006,17329379600.0,3997.5044,3987.4267,305398796562.7,4016.7434
000300.XSHG,2025-07-10,3991.4006,4010.0243,20977890400.0,3993.4196,3992.5242,347836703626.3,4032.9829
000300.XSHG,2025-07-11,4010.0243,4014.807,26205277300.0,4011.4652,4010.1052,443780794880.4,4065.9419
000300.XSHG,2025-07-14,4014.807,4017.6678,20791717500.0,4021.2135,4017.6678,321415945157.1,4034.9198
000300.XSHG,2025-07-15,4017.6678,4019.0644,19104293100.0,4023.9896,3994.2628,353524574440.9,4042.6574
000300.XSHG,2025-07-16,4019.0644,4007.2019,15102730800.0,4019.3925,3993.9209,300656795664.6,4027.8567
000300.XSHG,2025-07-17,4007.2019,4034.491,16124904100.0,4005.067,4005.067,325516865722.7,4034.5935
000300.XSHG,2025-07-18,4034.491,4058.5486,18621106300.0,4039.8712,4039.3181,354244444629.7,4064.6378
000300.XSHG,2025-07-21,4058.5486,4085.6072,22326847600.0,4069.7685,4063.4427,377938564877.6,4086.1171
000300.XSHG,2025-07-22,4085.6072,4118.9582,25759698500.0,4087.3354,4068.3383,450874014479.4,4119.2021
000300.XSHG,2025-07-23,4118.9582,4119.7685,30050615400.0,4129.1476,4113.9085,470330899420.8,4155.6783
000300.XSHG,2025-07-24,4119.7685,4149.0368,31963239200.0,4116.8312,4111.8849,487000043884.1,4152.4265
000300.XSHG,2025-07-25,4149.0368,4127.1634,27359496300.0,4145.3195,4117.8005,430445513470.9,4150.4994
000300.XSHG,2025-07-28,4127.1634,4135.8242,22275981500.0,4128.1993,4112.9677,406792873973.3,4146.12
000300.XSHG,2025-07-29,4135.8242,4152.0247,23080788000.0,4132.6833,4117.5772,428764310973.8,4153.3307
000300.XSHG,2025-07-30,4152.0247,4151.2379,24985304800.0,4148.9405,4127.4301,445168467668.0,4185.2064
000300.XSHG,2025-07-31,4151.2379,4075.5912,26708740600.0,4141.5612,4063.6662,492142571738.8,4141.8243
000300.XSHG,2025-08-01,4075.5912,4054.9286,19622182600.0,4069.9254,4040.462,359685164163.4,4085.3543
000300.XSHG,2025-08-04,4054.9286,4070.7023,16227590200.0,4037.9378,4037.9378,295976826632.4,4070.7023
000300.XSHG,2025-08-05,4070.7023,4103.45,17885199900.0,4080.3877,4075.5836,306934255765.6,4106.2969
000300.XSHG,2025-08-06,4103.45,4113.4852,17667615500.0,4100.4283,4098.3544,307674626124.8,4116.7085
000300.XSHG,2025-08-07,4113.4852,4114.666,19864190200.0,4120.2822,4094.8214,358108366983.7,4129.7382
000300.XSHG,2025-08-08,4114.666,4104.9669,17317120100.0,4109.2734,4097.4157,308507687634.7,4122.2104
000300.XSHG,2025-08-11,4104.9669,4122.5106,19044371600.0,4110.2939,4103.605,360685826235.0,4134.2462
000300.XSHG,2025-08-12,4122.51059,4143.8252,17728782300.0,4123.5762,4121.2243,383088423330.0,4153.2948
000300.XSHG,2025-08-13,4143.8252,4176.5776,21393499900.0,4150.5037,4147.1991,462776745465.3,4186.748
000300.XSHG,2025-08-14,4176.57759,4173.3131,22110359500.0,4179.965,4165.9376,485075642622.0,4220.3109
000300.XSHG,2025-08-15,4173.3131,4202.3533,26132756600.0,4162.4205,4157.495,518686873500.8,4214.7291
000300.XSHG,2025-08-18,4202.3533,4239.4125,30147910200.0,4218.2471,4203.4191,635365867184.5,4272.9602
000300.XSHG,2025-08-19,4239.4125,4223.3741,25081877100.0,4241.7651,4215.2075,553536203259.6,4264.2303
000300.XSHG,2025-08-20,4223.3741,4271.3958,24648177300.0,4208.4005,4190.5559,538815306146.9,4272.1463
000300.XSHG,2025-08-21,4271.3958,4288.0707,25903001400.0,4284.3712,4273.6523,558521268967.4,4308.4472
000300.XSHG,2025-08-22,4288.0707,4377.9977,29043489700.0,4287.3633,4287.3633,675935075408.9,4378.3881
000300.XSHG,2025-08-25,4377.9977,4469.2217,35809000600.0,4416.2924,4404.7761,823681964472.7,4472.6525
000300.XSHG,2025-08-26,4469.2217,4452.5905,27062139500.0,4453.3526,4435.5275,627950450229.2,4476.803
000300.XSHG,2025-08-27,4452.5905,4386.1266,33313389800.0,4458.8399,4386.1266,785098482973.5,4494.9126
000300.XSHG,2025-08-28,4386.12659,4463.782,29683453600.0,4378.0351,4364.171,739423602221.4,4464.8028
000300.XSHG,2025-08-29,4463.782,4496.7591,35193894700.0,4455.8034,4452.3632,831194066157.9,4516.8395
000300.XSHG,2025-09-01,4496.7591,4523.7111,32036670800.0,4516.8787,4487.5304,770378288126.9,4528.1342
000300.XSHG,2025-09-02,4523.7111,4490.4528,30393256600.0,4521.9828,4454.4169,777999297964.1,4548.8937
000300.XSHG,2025-09-03,4490.4528,4459.8296,25432021700.0,4501.3388,4427.5176,655697116709.1,4510.7303
000300.XSHG,2025-09-04,4459.8296,4365.2085,30793460900.0,4461.2503,4327.5068,773124596998.1,4465.4967
000300.XSHG,2025-09-05,4365.2085,4460.3249,24962565700.0,4365.6083,4350.2974,664166970946.5,4466.5603
000300.XSHG,2025-09-08,4460.32489,4467.5733,26763838200.0,4467.1693,4438.0698,683630879769.1,4482.763
000300.XSHG,2025-09-09,4467.5733,4436.2584,22137546000.0,4448.739,4412.6914,562861103958.4,4472.093
000300.XSHG,2025-09-10,4436.2584,4445.3649,20359764600.0,4438.2998,4414.5937,535539349489.1,4466.6325
000300.XSHG,2025-09-11,4445.36489,4548.0345,25326405100.0,4438.839,4427.9242,693156671397.7,4548.0345
000300.XSHG,2025-09-12,4548.0345,4521.998,26644200300.0,4544.5905,4517.7897,689576075691.4,4564.6665
000300.XSHG,2025-09-15,4521.99799,4533.0557,23188567800.0,4534.8866,4522.4958,613314652419.1,4566.9053
000300.XSHG,2025-09-16,4533.0557,4523.3367,24926920600.0,4539.9217,4494.7875,613728334805.9,4552.419
000300.XSHG,2025-09-17,4523.3367,4551.023,23571647200.0,4517.2855,4503.7959,608454200521.1,4556.0296
000300.XSHG,2025-09-18,4551.023,4498.109,30985982600.0,4546.0319,4454.9886,839987127411.0,4573.8331
000300.XSHG,2025-09-19,4498.109,4501.9195,22504400000.0,4499.0906,4491.8437,603887059817.1,4533.0919
000300.XSHG,2025-09-22,4501.9195,4522.608,19645995600.0,4512.0251,4487.1299,563149164266.0,4523.8695
000300.XSHG,2025-09-23,4522.608,4519.7781,25282706200.0,4536.7569,4459.7281,680513630695.8,4560.7319
000300.XSHG,2025-09-24,4519.7781,4566.0708,22048260800.0,4495.2659,4494.1133,629161495484.1,4567.4948
000300.XSHG,2025-09-25,4566.0708,4593.4875,22982333300.0,4563.9827,4558.8424,669866986618.6,4613.9486
000300.XSHG,2025-09-26,4593.4875,4550.0487,20848211400.0,4576.9142,4550.0487,598723903173.9,4597.8472
000300.XSHG,2025-09-29,4550.0487,4620.0528,27435887700.0,4555.0342,4541.4252,693395231241.2,4647.5691
000300.XSHG,2025-09-30,4620.0528,4640.6935,24798035900.0,4629.8987,4616.2243,664624101862.0,4647.5031
000300.XSHG,2025-10-09,4640.6935,4709.482,34767869600.0,4662.1133,4651.9895,862208005908.4,4726.3449
000300.XSHG,2025-10-10,4709.482,4616.8341,31902089900.0,4679.4983,4600.9646,792743047250.5,4692.5858
000300.XSHG,2025-10-13,4616.8341,4593.9785,31501035400.0,4490.8661,4490.8661,714001634395.3,4601.8072
000300.XSHG,2025-10-14,4593.9785,4539.0644,37295403000.0,4634.0543,4520.9258,808959003201.4,4641.4492
000300.XSHG,2025-10-15,4539.0644,4606.2879,28477185500.0,4544.2431,4526.834,607326345325.6,4608.8239
000300.XSHG,2025-10-16,4606.2879,4618.4218,24823551800.0,4588.9206,4586.2801,560567191741.4,4645.0959
000300.XSHG,2025-10-17,4618.4218,4514.2345,25690561700.0,4610.6967,4509.3289,559085965218.7,4618.5621
000300.XSHG,2025-10-20,4514.23449,4538.2201,21842040500.0,4558.2421,4520.5024,505798833703.2,4570.4376
000300.XSHG,2025-10-21,4538.22009,4607.8715,21571117500.0,4556.1224,4547.9283,551390253215.9,4615.463
000300.XSHG,2025-10-22,4607.8715,4592.57,18533396000.0,4576.0277,4567.2361,440935302747.4,4603.4884
000300.XSHG,2025-10-23,4592.57,4606.3447,20046391700.0,4578.7018,4541.6944,420800208775.6,4611.3409
000300.XSHG,2025-10-24,4606.34469,4660.6835,20881448300.0,4622.7873,4622.7873,551986648560.5,4660.6835
000300.XSHG,2025-10-27,4660.6835,4716.0186,26220067400.0,4699.3819,4687.6876,672670372522.7,4720.4288
000300.XSHG,2025-10-28,4716.0186,4691.973,22090664500.0,4697.7277,4679.2288,571563257095.5,4734.3218
000300.XSHG,2025-10-29,4691.973,4747.8378,24621132400.0,4701.0362,4697.268,645898688765.2,4747.8378
000300.XSHG,2025-10-30,4747.8378,4709.911,27328911800.0,4735.9807,4706.452,719956285438.0,4761.8339
000300.XSHG,2025-10-31,4709.911,4640.6676,28146474000.0,4702.4946,4640.6676,680712251492.7,4706.1395
000300.XSHG,2025-11-03,4640.6676,4653.4028,23986980900.0,4636.7323,4595.7339,557602941095.9,4653.4028
000300.XSHG,2025-11-04,4653.4028,4618.699,23322403200.0,4649.3481,4595.066,505177700976.6,4665.323
000300.XSHG,2025-11-05,4618.69899,4627.257,20304587100.0,4562.1117,4558.7647,468361161388.7,4642.6101
000300.XSHG,2025-11-06,4627.25699,4693.4032,22424100800.0,4642.0112,4642.0112,553641780921.2,4698.0935
000300.XSHG,2025-11-07,4693.4032,4678.7944,21249737700.0,4673.7616,4666.0405,507573849500.2,4701.3743
000300.XSHG,2025-11-10,4678.7944,4695.0507,23602676400.0,4688.124,4654.2103,593977127605.0,4695.1794
000300.XSHG,2025-11-11,4695.0507,4652.1655,18663885800.0,4706.3374,4648.4896,477629076357.0,4707.1275
000300.XSHG,2025-11-12,4652.1655,4645.9079,20946059200.0,4643.5592,4620.9897,492308866408.7,4669.6073
000300.XSHG,2025-11-13,4645.9079,4702.0738,20736747400.0,4643.7862,4643.7862,510060678210.4,4703.4897
000300.XSHG,2025-11-14,4702.0738,4628.1398,19209267600.0,4663.3175,4628.0242,444720433578.5,4684.2578
000300.XSHG,2025-11-17,4628.1398,4598.0525,18895546600.0,4616.8058,4580.2613,438940097527.8,4624.8976
000300.XSHG,2025-11-18,4598.0525,4568.1928,17771318500.0,4584.7896,4552.8038,420150126547.0,4606.6167
000300.XSHG,2025-11-19,4568.1928,4588.2922,17292497400.0,4568.0365,4568.0365,385230481969.8,4607.8627
000300.XSHG,2025-11-20,4588.2922,4564.9483,19456259300.0,4619.5401,4560.1814,415064817729.8,4620.6529
000300.XSHG,2025-11-21,4564.9483,4453.6076,22285101300.0,4513.3858,4453.1819,481295814462.6,4527.0436
000300.XSHG,2025-11-24,4453.6076,4448.0478,18583372900.0,4473.1563,4421.8123,425807469499.9,4478.8081
000300.XSHG,2025-11-25,4448.0478,4490.4047,16957192900.0,4475.8359,4467.3529,411523796962.4,4510.7729
000300.XSHG,2025-11-26,4490.4047,4517.6255,15620036800.0,4490.2021,4485.6984,427361377738.4,4538.1361
000300.XSHG,2025-11-27,4517.6255,4515.4027,15031177200.0,4520.014,4509.8635,417789843567.7,4559.2183
000300.XSHG,2025-11-28,4515.40269,4526.6616,14290209600.0,4511.4972,4492.4256,341832317979.4,4531.7219
000300.XSHG,2025-12-01,4526.6616,4576.4856,20038231700.0,4539.1877,4531.2917,463861587251.4,4576.9654
000300.XSHG,2025-12-02,4576.4856,4554.3347,14849313200.0,4571.9098,4539.4312,364366426477.8,4575.4945
000300.XSHG,2025-12-03,4554.3347,4531.0486,16976279000.0,4554.5894,4523.5017,374486168902.9,4569.821
000300.XSHG,2025-12-04,4531.0486,4546.5664,14719811000.0,4533.6004,4514.1878,348767399211.7,4557.4228
000300.XSHG,2025-12-05,4546.5664,4584.5368,19679996800.0,4547.9056,4535.0195,412146806538.3,4593.8279
000300.XSHG,2025-12-08,4584.5368,4621.7545,19962099000.0,4593.1399,4592.7414,496716196112.2,4640.6256
000300.XSHG,2025-12-09,4621.7545,4598.2232,18416034400.0,4611.379,4584.254,452113884581.0,4628.7049
000300.XSHG,2025-12-10,4598.2232,4591.8273,16911110600.0,4586.254,4549.0798,401452781497.6,4598.5366
000300.XSHG,2025-12-11,4591.8273,4552.1848,16841940500.0,4597.1901,4547.1372,432431093509.7,4610.2787
000300.XSHG,2025-12-12,4552.1848,4580.95,21282652000.0,4558.7375,4530.7841,523863221651.9,4583.6753
